<?xml version="1.0" encoding="utf-8"?>
<!--/1029459/1593335/2.50/69/2/Connector/-->
<quadcept_library>
  <setting unit="mil" />
  <textstyle name="Default" height="47.244094488189" strokewidth="7.8740157480315" charwidth="47.244094488189" />
  <textstyle name="Dimension" height="19.6850393700787" strokewidth="0" charwidth="19.6850393700787" />
  <textstyle name="H127W0635TH00762" height="50" strokewidth="3" charwidth="25" />
  <textstyle name="H15W15TH02" height="59.0551181102362" strokewidth="7.8740157480315" charwidth="59.0551181102362" />
  <padstyle name="r155_30" surface="True" plated="False" isvia="False" nopaste="False" nomask="True" complex="False" holesize="0">
    <padshape layer="TOP" shape="rectangle" width="11.811023622047" height="61.023622047243" />
    <padshape layer="TOP_SOLDER_MASK" shape="rectangle" width="19.685039370078" height="68.897637795275" />
    <padshape layer="TOP_SOLDER_PASTE" shape="rectangle" width="11.811023622047" height="61.023622047243" />
  </padstyle>
  <padstyle name="r275_120" surface="True" plated="False" isvia="False" nopaste="False" nomask="True" complex="False" holesize="0">
    <padshape layer="TOP" shape="rectangle" width="47.244094488188" height="108.26771653543" />
    <padshape layer="TOP_SOLDER_MASK" shape="rectangle" width="55.11811023622" height="116.14173228346" />
    <padshape layer="TOP_SOLDER_PASTE" shape="rectangle" width="47.244094488188" height="108.26771653543" />
  </padstyle>
  <padstyle name="c55_h110" surface="False" plated="True" isvia="False" nopaste="True" nomask="True" complex="False" holesize="43.307086614173">
    <padshape layer="TOP" shape="round" width="21.653543307086" height="21.653543307086" />
    <padshape layer="TOP_SOLDER_MASK" shape="round" width="29.527559055118" height="29.527559055118" />
    <padshape layer="INNER" shape="round" width="21.653543307086" height="21.653543307086" />
    <padshape layer="BOTTOM" shape="round" width="21.653543307086" height="21.653543307086" />
    <padshape layer="BOTTOM_SOLDER_MASK" shape="round" width="29.527559055118" height="29.527559055118" />
  </padstyle>
  <padstyle name="c80_h160" surface="False" plated="True" isvia="False" nopaste="True" nomask="True" complex="False" holesize="62.992125984251">
    <padshape layer="TOP" shape="round" width="31.496062992126" height="31.496062992126" />
    <padshape layer="TOP_SOLDER_MASK" shape="round" width="39.370078740157" height="39.370078740157" />
    <padshape layer="INNER" shape="round" width="31.496062992126" height="31.496062992126" />
    <padshape layer="BOTTOM" shape="round" width="31.496062992126" height="31.496062992126" />
    <padshape layer="BOTTOM_SOLDER_MASK" shape="round" width="39.370078740157" height="39.370078740157" />
  </padstyle>
  <footprint name="121992304" originx="0" originy="0" pickpointx="0" pickpointy="0">
    <pcbpin number="1" name="1" style="r155_30" originx="-364.17322834645" originy="153.54330708661" rotation="0" />
    <pcbpin number="2" name="2" style="r155_30" originx="-354.33070866141" originy="-143.70078740157" rotation="0" />
    <pcbpin number="3" name="3" style="r155_30" originx="-344.48818897637" originy="153.54330708661" rotation="0" />
    <pcbpin number="4" name="4" style="r155_30" originx="-334.64566929133" originy="-143.70078740157" rotation="0" />
    <pcbpin number="5" name="5" style="r155_30" originx="-324.8031496063" originy="153.54330708661" rotation="0" />
    <pcbpin number="6" name="6" style="r155_30" originx="-314.96062992126" originy="-143.70078740157" rotation="0" />
    <pcbpin number="7" name="7" style="r155_30" originx="-305.11811023622" originy="153.54330708661" rotation="0" />
    <pcbpin number="8" name="8" style="r155_30" originx="-295.27559055118" originy="-143.70078740157" rotation="0" />
    <pcbpin number="9" name="9" style="r155_30" originx="-285.43307086614" originy="153.54330708661" rotation="0" />
    <pcbpin number="10" name="10" style="r155_30" originx="-275.5905511811" originy="-143.70078740157" rotation="0" />
    <pcbpin number="11" name="11" style="r155_30" originx="-265.74803149606" originy="153.54330708661" rotation="0" />
    <pcbpin number="12" name="12" style="r155_30" originx="-255.90551181102" originy="-143.70078740157" rotation="0" />
    <pcbpin number="13" name="13" style="r155_30" originx="-246.06299212598" originy="153.54330708661" rotation="0" />
    <pcbpin number="14" name="14" style="r155_30" originx="-236.22047244094" originy="-143.70078740157" rotation="0" />
    <pcbpin number="15" name="15" style="r155_30" originx="-226.3779527559" originy="153.54330708661" rotation="0" />
    <pcbpin number="16" name="16" style="r155_30" originx="-216.53543307086" originy="-143.70078740157" rotation="0" />
    <pcbpin number="17" name="17" style="r155_30" originx="-206.69291338582" originy="153.54330708661" rotation="0" />
    <pcbpin number="18" name="18" style="r155_30" originx="-196.85039370078" originy="-143.70078740157" rotation="0" />
    <pcbpin number="19" name="19" style="r155_30" originx="-187.00787401575" originy="153.54330708661" rotation="0" />
    <pcbpin number="20" name="20" style="r155_30" originx="-177.16535433071" originy="-143.70078740157" rotation="0" />
    <pcbpin number="21" name="21" style="r155_30" originx="-167.32283464567" originy="153.54330708661" rotation="0" />
    <pcbpin number="22" name="22" style="r155_30" originx="-157.48031496063" originy="-143.70078740157" rotation="0" />
    <pcbpin number="23" name="23" style="r155_30" originx="-147.63779527559" originy="153.54330708661" rotation="0" />
    <pcbpin number="24" name="24" style="r155_30" originx="-137.79527559055" originy="-143.70078740157" rotation="0" />
    <pcbpin number="25" name="25" style="r155_30" originx="-127.95275590551" originy="153.54330708661" rotation="0" />
    <pcbpin number="26" name="26" style="r155_30" originx="-118.11023622047" originy="-143.70078740157" rotation="0" />
    <pcbpin number="27" name="27" style="r155_30" originx="-108.26771653543" originy="153.54330708661" rotation="0" />
    <pcbpin number="28" name="28" style="r155_30" originx="-98.425196850392" originy="-143.70078740157" rotation="0" />
    <pcbpin number="29" name="29" style="r155_30" originx="-88.582677165353" originy="153.54330708661" rotation="0" />
    <pcbpin number="30" name="30" style="r155_30" originx="-78.740157480314" originy="-143.70078740157" rotation="0" />
    <pcbpin number="31" name="31" style="r155_30" originx="-68.897637795275" originy="153.54330708661" rotation="0" />
    <pcbpin number="32" name="32" style="r155_30" originx="-59.055118110235" originy="-143.70078740157" rotation="0" />
    <pcbpin number="33" name="33" style="r155_30" originx="-49.212598425196" originy="153.54330708661" rotation="0" />
    <pcbpin number="34" name="34" style="r155_30" originx="-39.370078740157" originy="-143.70078740157" rotation="0" />
    <pcbpin number="35" name="35" style="r155_30" originx="-29.527559055118" originy="153.54330708661" rotation="0" />
    <pcbpin number="36" name="36" style="r155_30" originx="-19.685039370078" originy="-143.70078740157" rotation="0" />
    <pcbpin number="37" name="37" style="r155_30" originx="-9.8425196850392" originy="153.54330708661" rotation="0" />
    <pcbpin number="38" name="38" style="r155_30" originx="0" originy="-143.70078740157" rotation="0" />
    <pcbpin number="39" name="39" style="r155_30" originx="9.8425196850392" originy="153.54330708661" rotation="0" />
    <pcbpin number="40" name="40" style="r155_30" originx="19.685039370078" originy="-143.70078740157" rotation="0" />
    <pcbpin number="41" name="41" style="r155_30" originx="29.527559055118" originy="153.54330708661" rotation="0" />
    <pcbpin number="42" name="42" style="r155_30" originx="39.370078740157" originy="-143.70078740157" rotation="0" />
    <pcbpin number="43" name="43" style="r155_30" originx="49.212598425196" originy="153.54330708661" rotation="0" />
    <pcbpin number="44" name="44" style="r155_30" originx="59.055118110235" originy="-143.70078740157" rotation="0" />
    <pcbpin number="45" name="45" style="r155_30" originx="68.897637795275" originy="153.54330708661" rotation="0" />
    <pcbpin number="46" name="46" style="r155_30" originx="78.740157480314" originy="-143.70078740157" rotation="0" />
    <pcbpin number="47" name="47" style="r155_30" originx="88.582677165353" originy="153.54330708661" rotation="0" />
    <pcbpin number="48" name="48" style="r155_30" originx="98.425196850392" originy="-143.70078740157" rotation="0" />
    <pcbpin number="49" name="49" style="r155_30" originx="108.26771653543" originy="153.54330708661" rotation="0" />
    <pcbpin number="50" name="50" style="r155_30" originx="118.11023622047" originy="-143.70078740157" rotation="0" />
    <pcbpin number="51" name="51" style="r155_30" originx="127.95275590551" originy="153.54330708661" rotation="0" />
    <pcbpin number="52" name="52" style="r155_30" originx="137.79527559055" originy="-143.70078740157" rotation="0" />
    <pcbpin number="53" name="53" style="r155_30" originx="147.63779527559" originy="153.54330708661" rotation="0" />
    <pcbpin number="54" name="54" style="r155_30" originx="157.48031496063" originy="-143.70078740157" rotation="0" />
    <pcbpin number="55" name="55" style="r155_30" originx="167.32283464567" originy="153.54330708661" rotation="0" />
    <pcbpin number="56" name="56" style="r155_30" originx="177.16535433071" originy="-143.70078740157" rotation="0" />
    <pcbpin number="57" name="57" style="r155_30" originx="187.00787401575" originy="153.54330708661" rotation="0" />
    <pcbpin number="58" name="58" style="r155_30" originx="196.85039370078" originy="-143.70078740157" rotation="0" />
    <pcbpin number="59" name="67" style="r155_30" originx="285.43307086614" originy="153.54330708661" rotation="0" />
    <pcbpin number="60" name="68" style="r155_30" originx="295.27559055118" originy="-143.70078740157" rotation="0" />
    <pcbpin number="61" name="69" style="r155_30" originx="305.11811023622" originy="153.54330708661" rotation="0" />
    <pcbpin number="62" name="70" style="r155_30" originx="314.96062992126" originy="-143.70078740157" rotation="0" />
    <pcbpin number="63" name="71" style="r155_30" originx="324.8031496063" originy="153.54330708661" rotation="0" />
    <pcbpin number="64" name="72" style="r155_30" originx="334.64566929133" originy="-143.70078740157" rotation="0" />
    <pcbpin number="65" name="73" style="r155_30" originx="344.48818897637" originy="153.54330708661" rotation="0" />
    <pcbpin number="66" name="74" style="r155_30" originx="354.33070866141" originy="-143.70078740157" rotation="0" />
    <pcbpin number="67" name="75" style="r155_30" originx="364.17322834645" originy="153.54330708661" rotation="0" />
    <pcbpin number="68" name="76" style="r275_120" originx="-407.48031496062" originy="123.03149606299" rotation="0" />
    <pcbpin number="69" name="77" style="r275_120" originx="407.48031496062" originy="123.03149606299" rotation="0" />
    <pcbpin number="70" name="78" style="c55_h110" originx="-393.70078740157" originy="-54.133858267716" rotation="90" />
    <pcbpin number="71" name="79" style="c80_h160" originx="393.70078740157" originy="-54.133858267716" rotation="90" />
    <line layer="TOP_ASSEMBLY" originx="-431.10236220472" originy="152.55905511811" endx="431.10236220472" endy="152.55905511811" width="3.9370078740157" />
    <line layer="TOP_ASSEMBLY" originx="431.10236220472" originy="152.55905511811" endx="431.10236220472" endy="-152.55905511811" width="3.9370078740157" />
    <line layer="TOP_ASSEMBLY" originx="431.10236220472" originy="-152.55905511811" endx="-431.10236220472" endy="-152.55905511811" width="3.9370078740157" />
    <line layer="TOP_ASSEMBLY" originx="-431.10236220472" originy="-152.55905511811" endx="-431.10236220472" endy="152.55905511811" width="3.9370078740157" />
    <line layer="TOP_PLACE_BOUND" originx="-470.47244094488" originy="223.38582677165" endx="470.47244094488" endy="223.38582677165" width="3.9370078740157" />
    <line layer="TOP_PLACE_BOUND" originx="470.47244094488" originy="223.38582677165" endx="470.47244094488" endy="-213.62204724409" width="3.9370078740157" />
    <line layer="TOP_PLACE_BOUND" originx="470.47244094488" originy="-213.62204724409" endx="-470.47244094488" endy="-213.62204724409" width="3.9370078740157" />
    <line layer="TOP_PLACE_BOUND" originx="-470.47244094488" originy="-213.62204724409" endx="-470.47244094488" endy="223.38582677165" width="3.9370078740157" />
    <line layer="TOP_SILKSCREEN" originx="-431.10236220472" originy="55.590551181102" endx="-431.10236220472" endy="-152.55905511811" width="7.8740157480314" />
    <line layer="TOP_SILKSCREEN" originx="-431.10236220472" originy="-152.55905511811" endx="-377.95275590551" endy="-152.55905511811" width="7.8740157480314" />
    <line layer="TOP_SILKSCREEN" originx="-364.17322834645" originy="201.25984251968" endx="-364.17322834645" endy="201.25984251968" width="3.9370078740157" />
    <arc layer="TOP_SILKSCREEN" originx="-364.17322834645" originy="199.29133858267" startangle="90.0" sweepangle="180.0" radius="1.9685039370079" width="3.9370078740157" />
    <line layer="TOP_SILKSCREEN" originx="-364.17322834645" originy="197.32283464567" endx="-364.17322834645" endy="197.32283464567" width="3.9370078740157" />
    <arc layer="TOP_SILKSCREEN" originx="-364.17322834645" originy="199.29133858267" startangle="-90.0" sweepangle="180.0" radius="1.9685039370079" width="3.9370078740157" />
    <line layer="TOP_SILKSCREEN" originx="431.10236220472" originy="-78.267716535432" endx="431.10236220472" endy="-152.55905511811" width="7.8740157480314" />
    <line layer="TOP_SILKSCREEN" originx="431.10236220472" originy="-152.55905511811" endx="377.95275590551" endy="-152.55905511811" width="7.8740157480314" />
    <line layer="TOP_SILKSCREEN" originx="431.10236220472" originy="55.590551181102" endx="431.10236220472" endy="-23.149606299212" width="7.8740157480314" />
    <line layer="TOP_SILKSCREEN" originx="212.59842519685" originy="-152.55905511811" endx="275.5905511811" endy="-152.55905511811" width="7.8740157480314" />
    <line layer="TOP_SILKSCREEN" originx="204.72440944882" originy="152.55905511811" endx="267.71653543307" endy="152.55905511811" width="7.8740157480314" />
  </footprint>
  <symbol name="1-2199230-4" originx="0" originy="0">
    <line originx="200" originy="300" endx="3700" endy="300" width="0" />
    <line originx="3700" originy="-300" endx="3700" endy="300" width="0" />
    <line originx="3700" originy="-300" endx="200" endy="-300" width="0" />
    <line originx="200" originy="300" endx="200" endy="-300" width="0" />
    <sympin number="1" originx="300" originy="300" rotation="90" length="100" width="7.8740157480315" flipped="False">
      <text name="pinname" originx="300" originy="270" style="Default" rotation="0" justify="right" flipped="False" hidden="False" data="1" />
      <text name="pindes" originx="280" originy="360" style="Default" rotation="0" justify="lowerleft" flipped="False" hidden="False" data="1" />
    </sympin>
    <sympin number="2" originx="300" originy="-300" rotation="270" length="100" width="7.8740157480315" flipped="False">
      <text name="pinname" originx="300" originy="-270" style="Default" rotation="0" justify="left" flipped="False" hidden="False" data="2" />
      <text name="pindes" originx="280" originy="-360" style="Default" rotation="0" justify="lowerright" flipped="False" hidden="False" data="2" />
    </sympin>
    <sympin number="3" originx="400" originy="300" rotation="90" length="100" width="7.8740157480315" flipped="False">
      <text name="pinname" originx="400" originy="270" style="Default" rotation="0" justify="right" flipped="False" hidden="False" data="3" />
      <text name="pindes" originx="380" originy="360" style="Default" rotation="0" justify="lowerleft" flipped="False" hidden="False" data="3" />
    </sympin>
    <sympin number="4" originx="400" originy="-300" rotation="270" length="100" width="7.8740157480315" flipped="False">
      <text name="pinname" originx="400" originy="-270" style="Default" rotation="0" justify="left" flipped="False" hidden="False" data="4" />
      <text name="pindes" originx="380" originy="-360" style="Default" rotation="0" justify="lowerright" flipped="False" hidden="False" data="4" />
    </sympin>
    <sympin number="5" originx="500" originy="300" rotation="90" length="100" width="7.8740157480315" flipped="False">
      <text name="pinname" originx="500" originy="270" style="Default" rotation="0" justify="right" flipped="False" hidden="False" data="5" />
      <text name="pindes" originx="480" originy="360" style="Default" rotation="0" justify="lowerleft" flipped="False" hidden="False" data="5" />
    </sympin>
    <sympin number="6" originx="500" originy="-300" rotation="270" length="100" width="7.8740157480315" flipped="False">
      <text name="pinname" originx="500" originy="-270" style="Default" rotation="0" justify="left" flipped="False" hidden="False" data="6" />
      <text name="pindes" originx="480" originy="-360" style="Default" rotation="0" justify="lowerright" flipped="False" hidden="False" data="6" />
    </sympin>
    <sympin number="7" originx="600" originy="300" rotation="90" length="100" width="7.8740157480315" flipped="False">
      <text name="pinname" originx="600" originy="270" style="Default" rotation="0" justify="right" flipped="False" hidden="False" data="7" />
      <text name="pindes" originx="580" originy="360" style="Default" rotation="0" justify="lowerleft" flipped="False" hidden="False" data="7" />
    </sympin>
    <sympin number="8" originx="600" originy="-300" rotation="270" length="100" width="7.8740157480315" flipped="False">
      <text name="pinname" originx="600" originy="-270" style="Default" rotation="0" justify="left" flipped="False" hidden="False" data="8" />
      <text name="pindes" originx="580" originy="-360" style="Default" rotation="0" justify="lowerright" flipped="False" hidden="False" data="8" />
    </sympin>
    <sympin number="9" originx="700" originy="300" rotation="90" length="100" width="7.8740157480315" flipped="False">
      <text name="pinname" originx="700" originy="270" style="Default" rotation="0" justify="right" flipped="False" hidden="False" data="9" />
      <text name="pindes" originx="680" originy="360" style="Default" rotation="0" justify="lowerleft" flipped="False" hidden="False" data="9" />
    </sympin>
    <sympin number="10" originx="700" originy="-300" rotation="270" length="100" width="7.8740157480315" flipped="False">
      <text name="pinname" originx="700" originy="-270" style="Default" rotation="0" justify="left" flipped="False" hidden="False" data="10" />
      <text name="pindes" originx="680" originy="-360" style="Default" rotation="0" justify="lowerright" flipped="False" hidden="False" data="10" />
    </sympin>
    <sympin number="11" originx="800" originy="300" rotation="90" length="100" width="7.8740157480315" flipped="False">
      <text name="pinname" originx="800" originy="270" style="Default" rotation="0" justify="right" flipped="False" hidden="False" data="11" />
      <text name="pindes" originx="780" originy="360" style="Default" rotation="0" justify="lowerleft" flipped="False" hidden="False" data="11" />
    </sympin>
    <sympin number="12" originx="800" originy="-300" rotation="270" length="100" width="7.8740157480315" flipped="False">
      <text name="pinname" originx="800" originy="-270" style="Default" rotation="0" justify="left" flipped="False" hidden="False" data="12" />
      <text name="pindes" originx="780" originy="-360" style="Default" rotation="0" justify="lowerright" flipped="False" hidden="False" data="12" />
    </sympin>
    <sympin number="13" originx="900" originy="300" rotation="90" length="100" width="7.8740157480315" flipped="False">
      <text name="pinname" originx="900" originy="270" style="Default" rotation="0" justify="right" flipped="False" hidden="False" data="13" />
      <text name="pindes" originx="880" originy="360" style="Default" rotation="0" justify="lowerleft" flipped="False" hidden="False" data="13" />
    </sympin>
    <sympin number="14" originx="900" originy="-300" rotation="270" length="100" width="7.8740157480315" flipped="False">
      <text name="pinname" originx="900" originy="-270" style="Default" rotation="0" justify="left" flipped="False" hidden="False" data="14" />
      <text name="pindes" originx="880" originy="-360" style="Default" rotation="0" justify="lowerright" flipped="False" hidden="False" data="14" />
    </sympin>
    <sympin number="15" originx="1000" originy="300" rotation="90" length="100" width="7.8740157480315" flipped="False">
      <text name="pinname" originx="1000" originy="270" style="Default" rotation="0" justify="right" flipped="False" hidden="False" data="15" />
      <text name="pindes" originx="980" originy="360" style="Default" rotation="0" justify="lowerleft" flipped="False" hidden="False" data="15" />
    </sympin>
    <sympin number="16" originx="1000" originy="-300" rotation="270" length="100" width="7.8740157480315" flipped="False">
      <text name="pinname" originx="1000" originy="-270" style="Default" rotation="0" justify="left" flipped="False" hidden="False" data="16" />
      <text name="pindes" originx="980" originy="-360" style="Default" rotation="0" justify="lowerright" flipped="False" hidden="False" data="16" />
    </sympin>
    <sympin number="17" originx="1100" originy="300" rotation="90" length="100" width="7.8740157480315" flipped="False">
      <text name="pinname" originx="1100" originy="270" style="Default" rotation="0" justify="right" flipped="False" hidden="False" data="17" />
      <text name="pindes" originx="1080" originy="360" style="Default" rotation="0" justify="lowerleft" flipped="False" hidden="False" data="17" />
    </sympin>
    <sympin number="18" originx="1100" originy="-300" rotation="270" length="100" width="7.8740157480315" flipped="False">
      <text name="pinname" originx="1100" originy="-270" style="Default" rotation="0" justify="left" flipped="False" hidden="False" data="18" />
      <text name="pindes" originx="1080" originy="-360" style="Default" rotation="0" justify="lowerright" flipped="False" hidden="False" data="18" />
    </sympin>
    <sympin number="19" originx="1200" originy="300" rotation="90" length="100" width="7.8740157480315" flipped="False">
      <text name="pinname" originx="1200" originy="270" style="Default" rotation="0" justify="right" flipped="False" hidden="False" data="19" />
      <text name="pindes" originx="1180" originy="360" style="Default" rotation="0" justify="lowerleft" flipped="False" hidden="False" data="19" />
    </sympin>
    <sympin number="20" originx="1200" originy="-300" rotation="270" length="100" width="7.8740157480315" flipped="False">
      <text name="pinname" originx="1200" originy="-270" style="Default" rotation="0" justify="left" flipped="False" hidden="False" data="20" />
      <text name="pindes" originx="1180" originy="-360" style="Default" rotation="0" justify="lowerright" flipped="False" hidden="False" data="20" />
    </sympin>
    <sympin number="21" originx="1300" originy="300" rotation="90" length="100" width="7.8740157480315" flipped="False">
      <text name="pinname" originx="1300" originy="270" style="Default" rotation="0" justify="right" flipped="False" hidden="False" data="21" />
      <text name="pindes" originx="1280" originy="360" style="Default" rotation="0" justify="lowerleft" flipped="False" hidden="False" data="21" />
    </sympin>
    <sympin number="22" originx="1300" originy="-300" rotation="270" length="100" width="7.8740157480315" flipped="False">
      <text name="pinname" originx="1300" originy="-270" style="Default" rotation="0" justify="left" flipped="False" hidden="False" data="22" />
      <text name="pindes" originx="1280" originy="-360" style="Default" rotation="0" justify="lowerright" flipped="False" hidden="False" data="22" />
    </sympin>
    <sympin number="23" originx="1400" originy="300" rotation="90" length="100" width="7.8740157480315" flipped="False">
      <text name="pinname" originx="1400" originy="270" style="Default" rotation="0" justify="right" flipped="False" hidden="False" data="23" />
      <text name="pindes" originx="1380" originy="360" style="Default" rotation="0" justify="lowerleft" flipped="False" hidden="False" data="23" />
    </sympin>
    <sympin number="24" originx="1400" originy="-300" rotation="270" length="100" width="7.8740157480315" flipped="False">
      <text name="pinname" originx="1400" originy="-270" style="Default" rotation="0" justify="left" flipped="False" hidden="False" data="24" />
      <text name="pindes" originx="1380" originy="-360" style="Default" rotation="0" justify="lowerright" flipped="False" hidden="False" data="24" />
    </sympin>
    <sympin number="25" originx="1500" originy="300" rotation="90" length="100" width="7.8740157480315" flipped="False">
      <text name="pinname" originx="1500" originy="270" style="Default" rotation="0" justify="right" flipped="False" hidden="False" data="25" />
      <text name="pindes" originx="1480" originy="360" style="Default" rotation="0" justify="lowerleft" flipped="False" hidden="False" data="25" />
    </sympin>
    <sympin number="26" originx="1500" originy="-300" rotation="270" length="100" width="7.8740157480315" flipped="False">
      <text name="pinname" originx="1500" originy="-270" style="Default" rotation="0" justify="left" flipped="False" hidden="False" data="26" />
      <text name="pindes" originx="1480" originy="-360" style="Default" rotation="0" justify="lowerright" flipped="False" hidden="False" data="26" />
    </sympin>
    <sympin number="27" originx="1600" originy="300" rotation="90" length="100" width="7.8740157480315" flipped="False">
      <text name="pinname" originx="1600" originy="270" style="Default" rotation="0" justify="right" flipped="False" hidden="False" data="27" />
      <text name="pindes" originx="1580" originy="360" style="Default" rotation="0" justify="lowerleft" flipped="False" hidden="False" data="27" />
    </sympin>
    <sympin number="28" originx="1600" originy="-300" rotation="270" length="100" width="7.8740157480315" flipped="False">
      <text name="pinname" originx="1600" originy="-270" style="Default" rotation="0" justify="left" flipped="False" hidden="False" data="28" />
      <text name="pindes" originx="1580" originy="-360" style="Default" rotation="0" justify="lowerright" flipped="False" hidden="False" data="28" />
    </sympin>
    <sympin number="29" originx="1700" originy="300" rotation="90" length="100" width="7.8740157480315" flipped="False">
      <text name="pinname" originx="1700" originy="270" style="Default" rotation="0" justify="right" flipped="False" hidden="False" data="29" />
      <text name="pindes" originx="1680" originy="360" style="Default" rotation="0" justify="lowerleft" flipped="False" hidden="False" data="29" />
    </sympin>
    <sympin number="30" originx="1700" originy="-300" rotation="270" length="100" width="7.8740157480315" flipped="False">
      <text name="pinname" originx="1700" originy="-270" style="Default" rotation="0" justify="left" flipped="False" hidden="False" data="30" />
      <text name="pindes" originx="1680" originy="-360" style="Default" rotation="0" justify="lowerright" flipped="False" hidden="False" data="30" />
    </sympin>
    <sympin number="31" originx="1800" originy="300" rotation="90" length="100" width="7.8740157480315" flipped="False">
      <text name="pinname" originx="1800" originy="270" style="Default" rotation="0" justify="right" flipped="False" hidden="False" data="31" />
      <text name="pindes" originx="1780" originy="360" style="Default" rotation="0" justify="lowerleft" flipped="False" hidden="False" data="31" />
    </sympin>
    <sympin number="32" originx="1800" originy="-300" rotation="270" length="100" width="7.8740157480315" flipped="False">
      <text name="pinname" originx="1800" originy="-270" style="Default" rotation="0" justify="left" flipped="False" hidden="False" data="32" />
      <text name="pindes" originx="1780" originy="-360" style="Default" rotation="0" justify="lowerright" flipped="False" hidden="False" data="32" />
    </sympin>
    <sympin number="33" originx="1900" originy="300" rotation="90" length="100" width="7.8740157480315" flipped="False">
      <text name="pinname" originx="1900" originy="270" style="Default" rotation="0" justify="right" flipped="False" hidden="False" data="33" />
      <text name="pindes" originx="1880" originy="360" style="Default" rotation="0" justify="lowerleft" flipped="False" hidden="False" data="33" />
    </sympin>
    <sympin number="34" originx="1900" originy="-300" rotation="270" length="100" width="7.8740157480315" flipped="False">
      <text name="pinname" originx="1900" originy="-270" style="Default" rotation="0" justify="left" flipped="False" hidden="False" data="34" />
      <text name="pindes" originx="1880" originy="-360" style="Default" rotation="0" justify="lowerright" flipped="False" hidden="False" data="34" />
    </sympin>
    <sympin number="35" originx="2000" originy="300" rotation="90" length="100" width="7.8740157480315" flipped="False">
      <text name="pinname" originx="2000" originy="270" style="Default" rotation="0" justify="right" flipped="False" hidden="False" data="35" />
      <text name="pindes" originx="1980" originy="360" style="Default" rotation="0" justify="lowerleft" flipped="False" hidden="False" data="35" />
    </sympin>
    <sympin number="36" originx="2000" originy="-300" rotation="270" length="100" width="7.8740157480315" flipped="False">
      <text name="pinname" originx="2000" originy="-270" style="Default" rotation="0" justify="left" flipped="False" hidden="False" data="36" />
      <text name="pindes" originx="1980" originy="-360" style="Default" rotation="0" justify="lowerright" flipped="False" hidden="False" data="36" />
    </sympin>
    <sympin number="37" originx="2100" originy="300" rotation="90" length="100" width="7.8740157480315" flipped="False">
      <text name="pinname" originx="2100" originy="270" style="Default" rotation="0" justify="right" flipped="False" hidden="False" data="37" />
      <text name="pindes" originx="2080" originy="360" style="Default" rotation="0" justify="lowerleft" flipped="False" hidden="False" data="37" />
    </sympin>
    <sympin number="38" originx="2100" originy="-300" rotation="270" length="100" width="7.8740157480315" flipped="False">
      <text name="pinname" originx="2100" originy="-270" style="Default" rotation="0" justify="left" flipped="False" hidden="False" data="38" />
      <text name="pindes" originx="2080" originy="-360" style="Default" rotation="0" justify="lowerright" flipped="False" hidden="False" data="38" />
    </sympin>
    <sympin number="39" originx="2200" originy="300" rotation="90" length="100" width="7.8740157480315" flipped="False">
      <text name="pinname" originx="2200" originy="270" style="Default" rotation="0" justify="right" flipped="False" hidden="False" data="39" />
      <text name="pindes" originx="2180" originy="360" style="Default" rotation="0" justify="lowerleft" flipped="False" hidden="False" data="39" />
    </sympin>
    <sympin number="40" originx="2200" originy="-300" rotation="270" length="100" width="7.8740157480315" flipped="False">
      <text name="pinname" originx="2200" originy="-270" style="Default" rotation="0" justify="left" flipped="False" hidden="False" data="40" />
      <text name="pindes" originx="2180" originy="-360" style="Default" rotation="0" justify="lowerright" flipped="False" hidden="False" data="40" />
    </sympin>
    <sympin number="41" originx="2300" originy="300" rotation="90" length="100" width="7.8740157480315" flipped="False">
      <text name="pinname" originx="2300" originy="270" style="Default" rotation="0" justify="right" flipped="False" hidden="False" data="41" />
      <text name="pindes" originx="2280" originy="360" style="Default" rotation="0" justify="lowerleft" flipped="False" hidden="False" data="41" />
    </sympin>
    <sympin number="42" originx="2300" originy="-300" rotation="270" length="100" width="7.8740157480315" flipped="False">
      <text name="pinname" originx="2300" originy="-270" style="Default" rotation="0" justify="left" flipped="False" hidden="False" data="42" />
      <text name="pindes" originx="2280" originy="-360" style="Default" rotation="0" justify="lowerright" flipped="False" hidden="False" data="42" />
    </sympin>
    <sympin number="43" originx="2400" originy="300" rotation="90" length="100" width="7.8740157480315" flipped="False">
      <text name="pinname" originx="2400" originy="270" style="Default" rotation="0" justify="right" flipped="False" hidden="False" data="43" />
      <text name="pindes" originx="2380" originy="360" style="Default" rotation="0" justify="lowerleft" flipped="False" hidden="False" data="43" />
    </sympin>
    <sympin number="44" originx="2400" originy="-300" rotation="270" length="100" width="7.8740157480315" flipped="False">
      <text name="pinname" originx="2400" originy="-270" style="Default" rotation="0" justify="left" flipped="False" hidden="False" data="44" />
      <text name="pindes" originx="2380" originy="-360" style="Default" rotation="0" justify="lowerright" flipped="False" hidden="False" data="44" />
    </sympin>
    <sympin number="45" originx="2500" originy="300" rotation="90" length="100" width="7.8740157480315" flipped="False">
      <text name="pinname" originx="2500" originy="270" style="Default" rotation="0" justify="right" flipped="False" hidden="False" data="45" />
      <text name="pindes" originx="2480" originy="360" style="Default" rotation="0" justify="lowerleft" flipped="False" hidden="False" data="45" />
    </sympin>
    <sympin number="46" originx="2500" originy="-300" rotation="270" length="100" width="7.8740157480315" flipped="False">
      <text name="pinname" originx="2500" originy="-270" style="Default" rotation="0" justify="left" flipped="False" hidden="False" data="46" />
      <text name="pindes" originx="2480" originy="-360" style="Default" rotation="0" justify="lowerright" flipped="False" hidden="False" data="46" />
    </sympin>
    <sympin number="47" originx="2600" originy="300" rotation="90" length="100" width="7.8740157480315" flipped="False">
      <text name="pinname" originx="2600" originy="270" style="Default" rotation="0" justify="right" flipped="False" hidden="False" data="47" />
      <text name="pindes" originx="2580" originy="360" style="Default" rotation="0" justify="lowerleft" flipped="False" hidden="False" data="47" />
    </sympin>
    <sympin number="48" originx="2600" originy="-300" rotation="270" length="100" width="7.8740157480315" flipped="False">
      <text name="pinname" originx="2600" originy="-270" style="Default" rotation="0" justify="left" flipped="False" hidden="False" data="48" />
      <text name="pindes" originx="2580" originy="-360" style="Default" rotation="0" justify="lowerright" flipped="False" hidden="False" data="48" />
    </sympin>
    <sympin number="49" originx="2700" originy="300" rotation="90" length="100" width="7.8740157480315" flipped="False">
      <text name="pinname" originx="2700" originy="270" style="Default" rotation="0" justify="right" flipped="False" hidden="False" data="49" />
      <text name="pindes" originx="2680" originy="360" style="Default" rotation="0" justify="lowerleft" flipped="False" hidden="False" data="49" />
    </sympin>
    <sympin number="50" originx="2700" originy="-300" rotation="270" length="100" width="7.8740157480315" flipped="False">
      <text name="pinname" originx="2700" originy="-270" style="Default" rotation="0" justify="left" flipped="False" hidden="False" data="50" />
      <text name="pindes" originx="2680" originy="-360" style="Default" rotation="0" justify="lowerright" flipped="False" hidden="False" data="50" />
    </sympin>
    <sympin number="51" originx="2800" originy="300" rotation="90" length="100" width="7.8740157480315" flipped="False">
      <text name="pinname" originx="2800" originy="270" style="Default" rotation="0" justify="right" flipped="False" hidden="False" data="51" />
      <text name="pindes" originx="2780" originy="360" style="Default" rotation="0" justify="lowerleft" flipped="False" hidden="False" data="51" />
    </sympin>
    <sympin number="52" originx="2800" originy="-300" rotation="270" length="100" width="7.8740157480315" flipped="False">
      <text name="pinname" originx="2800" originy="-270" style="Default" rotation="0" justify="left" flipped="False" hidden="False" data="52" />
      <text name="pindes" originx="2780" originy="-360" style="Default" rotation="0" justify="lowerright" flipped="False" hidden="False" data="52" />
    </sympin>
    <sympin number="53" originx="2900" originy="300" rotation="90" length="100" width="7.8740157480315" flipped="False">
      <text name="pinname" originx="2900" originy="270" style="Default" rotation="0" justify="right" flipped="False" hidden="False" data="53" />
      <text name="pindes" originx="2880" originy="360" style="Default" rotation="0" justify="lowerleft" flipped="False" hidden="False" data="53" />
    </sympin>
    <sympin number="54" originx="2900" originy="-300" rotation="270" length="100" width="7.8740157480315" flipped="False">
      <text name="pinname" originx="2900" originy="-270" style="Default" rotation="0" justify="left" flipped="False" hidden="False" data="54" />
      <text name="pindes" originx="2880" originy="-360" style="Default" rotation="0" justify="lowerright" flipped="False" hidden="False" data="54" />
    </sympin>
    <sympin number="55" originx="3000" originy="300" rotation="90" length="100" width="7.8740157480315" flipped="False">
      <text name="pinname" originx="3000" originy="270" style="Default" rotation="0" justify="right" flipped="False" hidden="False" data="55" />
      <text name="pindes" originx="2980" originy="360" style="Default" rotation="0" justify="lowerleft" flipped="False" hidden="False" data="55" />
    </sympin>
    <sympin number="56" originx="3000" originy="-300" rotation="270" length="100" width="7.8740157480315" flipped="False">
      <text name="pinname" originx="3000" originy="-270" style="Default" rotation="0" justify="left" flipped="False" hidden="False" data="56" />
      <text name="pindes" originx="2980" originy="-360" style="Default" rotation="0" justify="lowerright" flipped="False" hidden="False" data="56" />
    </sympin>
    <sympin number="57" originx="3100" originy="300" rotation="90" length="100" width="7.8740157480315" flipped="False">
      <text name="pinname" originx="3100" originy="270" style="Default" rotation="0" justify="right" flipped="False" hidden="False" data="57" />
      <text name="pindes" originx="3080" originy="360" style="Default" rotation="0" justify="lowerleft" flipped="False" hidden="False" data="57" />
    </sympin>
    <sympin number="58" originx="3100" originy="-300" rotation="270" length="100" width="7.8740157480315" flipped="False">
      <text name="pinname" originx="3100" originy="-270" style="Default" rotation="0" justify="left" flipped="False" hidden="False" data="58" />
      <text name="pindes" originx="3080" originy="-360" style="Default" rotation="0" justify="lowerright" flipped="False" hidden="False" data="58" />
    </sympin>
    <sympin number="67" originx="3200" originy="300" rotation="90" length="100" width="7.8740157480315" flipped="False">
      <text name="pinname" originx="3200" originy="270" style="Default" rotation="0" justify="right" flipped="False" hidden="False" data="67" />
      <text name="pindes" originx="3180" originy="360" style="Default" rotation="0" justify="lowerleft" flipped="False" hidden="False" data="67" />
    </sympin>
    <sympin number="68" originx="3200" originy="-300" rotation="270" length="100" width="7.8740157480315" flipped="False">
      <text name="pinname" originx="3200" originy="-270" style="Default" rotation="0" justify="left" flipped="False" hidden="False" data="68" />
      <text name="pindes" originx="3180" originy="-360" style="Default" rotation="0" justify="lowerright" flipped="False" hidden="False" data="68" />
    </sympin>
    <sympin number="69" originx="3300" originy="300" rotation="90" length="100" width="7.8740157480315" flipped="False">
      <text name="pinname" originx="3300" originy="270" style="Default" rotation="0" justify="right" flipped="False" hidden="False" data="69" />
      <text name="pindes" originx="3280" originy="360" style="Default" rotation="0" justify="lowerleft" flipped="False" hidden="False" data="69" />
    </sympin>
    <sympin number="70" originx="3300" originy="-300" rotation="270" length="100" width="7.8740157480315" flipped="False">
      <text name="pinname" originx="3300" originy="-270" style="Default" rotation="0" justify="left" flipped="False" hidden="False" data="70" />
      <text name="pindes" originx="3280" originy="-360" style="Default" rotation="0" justify="lowerright" flipped="False" hidden="False" data="70" />
    </sympin>
    <sympin number="71" originx="3400" originy="300" rotation="90" length="100" width="7.8740157480315" flipped="False">
      <text name="pinname" originx="3400" originy="270" style="Default" rotation="0" justify="right" flipped="False" hidden="False" data="71" />
      <text name="pindes" originx="3380" originy="360" style="Default" rotation="0" justify="lowerleft" flipped="False" hidden="False" data="71" />
    </sympin>
    <sympin number="72" originx="3400" originy="-300" rotation="270" length="100" width="7.8740157480315" flipped="False">
      <text name="pinname" originx="3400" originy="-270" style="Default" rotation="0" justify="left" flipped="False" hidden="False" data="72" />
      <text name="pindes" originx="3380" originy="-360" style="Default" rotation="0" justify="lowerright" flipped="False" hidden="False" data="72" />
    </sympin>
    <sympin number="73" originx="3500" originy="300" rotation="90" length="100" width="7.8740157480315" flipped="False">
      <text name="pinname" originx="3500" originy="270" style="Default" rotation="0" justify="right" flipped="False" hidden="False" data="73" />
      <text name="pindes" originx="3480" originy="360" style="Default" rotation="0" justify="lowerleft" flipped="False" hidden="False" data="73" />
    </sympin>
    <sympin number="74" originx="3500" originy="-300" rotation="270" length="100" width="7.8740157480315" flipped="False">
      <text name="pinname" originx="3500" originy="-270" style="Default" rotation="0" justify="left" flipped="False" hidden="False" data="74" />
      <text name="pindes" originx="3480" originy="-360" style="Default" rotation="0" justify="lowerright" flipped="False" hidden="False" data="74" />
    </sympin>
    <sympin number="75" originx="3600" originy="300" rotation="90" length="100" width="7.8740157480315" flipped="False">
      <text name="pinname" originx="3600" originy="270" style="Default" rotation="0" justify="right" flipped="False" hidden="False" data="75" />
      <text name="pindes" originx="3580" originy="360" style="Default" rotation="0" justify="lowerleft" flipped="False" hidden="False" data="75" />
    </sympin>
    <sympin number="76" originx="200" originy="0" rotation="180" length="100" width="7.8740157480315" flipped="False">
      <text name="pinname" originx="230" originy="0" style="Default" rotation="0" justify="left" flipped="False" hidden="False" data="76" />
      <text name="pindes" originx="140" originy="20" style="Default" rotation="0" justify="lowerright" flipped="False" hidden="False" data="76" />
    </sympin>
    <sympin number="77" originx="3700" originy="0" rotation="0" length="100" width="7.8740157480315" flipped="False">
      <text name="pinname" originx="3670" originy="0" style="Default" rotation="0" justify="right" flipped="False" hidden="False" data="77" />
      <text name="pindes" originx="3760" originy="20" style="Default" rotation="0" justify="lowerleft" flipped="False" hidden="False" data="77" />
    </sympin>
  </symbol>
  <component name="1-2199230-4" designatorprefix="J" height="0" footprint="121992304">
    <comppin designator="1" sympin="1" pinswap="0" gateswap="0" gate="1" group="1" side="" type="Any" name="1" />
    <comppin designator="2" sympin="2" pinswap="0" gateswap="0" gate="1" group="1" side="" type="Any" name="2" />
    <comppin designator="3" sympin="3" pinswap="0" gateswap="0" gate="1" group="1" side="" type="Any" name="3" />
    <comppin designator="4" sympin="4" pinswap="0" gateswap="0" gate="1" group="1" side="" type="Any" name="4" />
    <comppin designator="5" sympin="5" pinswap="0" gateswap="0" gate="1" group="1" side="" type="Any" name="5" />
    <comppin designator="6" sympin="6" pinswap="0" gateswap="0" gate="1" group="1" side="" type="Any" name="6" />
    <comppin designator="7" sympin="7" pinswap="0" gateswap="0" gate="1" group="1" side="" type="Any" name="7" />
    <comppin designator="8" sympin="8" pinswap="0" gateswap="0" gate="1" group="1" side="" type="Any" name="8" />
    <comppin designator="9" sympin="9" pinswap="0" gateswap="0" gate="1" group="1" side="" type="Any" name="9" />
    <comppin designator="10" sympin="10" pinswap="0" gateswap="0" gate="1" group="1" side="" type="Any" name="10" />
    <comppin designator="11" sympin="11" pinswap="0" gateswap="0" gate="1" group="1" side="" type="Any" name="11" />
    <comppin designator="12" sympin="12" pinswap="0" gateswap="0" gate="1" group="1" side="" type="Any" name="12" />
    <comppin designator="13" sympin="13" pinswap="0" gateswap="0" gate="1" group="1" side="" type="Any" name="13" />
    <comppin designator="14" sympin="14" pinswap="0" gateswap="0" gate="1" group="1" side="" type="Any" name="14" />
    <comppin designator="15" sympin="15" pinswap="0" gateswap="0" gate="1" group="1" side="" type="Any" name="15" />
    <comppin designator="16" sympin="16" pinswap="0" gateswap="0" gate="1" group="1" side="" type="Any" name="16" />
    <comppin designator="17" sympin="17" pinswap="0" gateswap="0" gate="1" group="1" side="" type="Any" name="17" />
    <comppin designator="18" sympin="18" pinswap="0" gateswap="0" gate="1" group="1" side="" type="Any" name="18" />
    <comppin designator="19" sympin="19" pinswap="0" gateswap="0" gate="1" group="1" side="" type="Any" name="19" />
    <comppin designator="20" sympin="20" pinswap="0" gateswap="0" gate="1" group="1" side="" type="Any" name="20" />
    <comppin designator="21" sympin="21" pinswap="0" gateswap="0" gate="1" group="1" side="" type="Any" name="21" />
    <comppin designator="22" sympin="22" pinswap="0" gateswap="0" gate="1" group="1" side="" type="Any" name="22" />
    <comppin designator="23" sympin="23" pinswap="0" gateswap="0" gate="1" group="1" side="" type="Any" name="23" />
    <comppin designator="24" sympin="24" pinswap="0" gateswap="0" gate="1" group="1" side="" type="Any" name="24" />
    <comppin designator="25" sympin="25" pinswap="0" gateswap="0" gate="1" group="1" side="" type="Any" name="25" />
    <comppin designator="26" sympin="26" pinswap="0" gateswap="0" gate="1" group="1" side="" type="Any" name="26" />
    <comppin designator="27" sympin="27" pinswap="0" gateswap="0" gate="1" group="1" side="" type="Any" name="27" />
    <comppin designator="28" sympin="28" pinswap="0" gateswap="0" gate="1" group="1" side="" type="Any" name="28" />
    <comppin designator="29" sympin="29" pinswap="0" gateswap="0" gate="1" group="1" side="" type="Any" name="29" />
    <comppin designator="30" sympin="30" pinswap="0" gateswap="0" gate="1" group="1" side="" type="Any" name="30" />
    <comppin designator="31" sympin="31" pinswap="0" gateswap="0" gate="1" group="1" side="" type="Any" name="31" />
    <comppin designator="32" sympin="32" pinswap="0" gateswap="0" gate="1" group="1" side="" type="Any" name="32" />
    <comppin designator="33" sympin="33" pinswap="0" gateswap="0" gate="1" group="1" side="" type="Any" name="33" />
    <comppin designator="34" sympin="34" pinswap="0" gateswap="0" gate="1" group="1" side="" type="Any" name="34" />
    <comppin designator="35" sympin="35" pinswap="0" gateswap="0" gate="1" group="1" side="" type="Any" name="35" />
    <comppin designator="36" sympin="36" pinswap="0" gateswap="0" gate="1" group="1" side="" type="Any" name="36" />
    <comppin designator="37" sympin="37" pinswap="0" gateswap="0" gate="1" group="1" side="" type="Any" name="37" />
    <comppin designator="38" sympin="38" pinswap="0" gateswap="0" gate="1" group="1" side="" type="Any" name="38" />
    <comppin designator="39" sympin="39" pinswap="0" gateswap="0" gate="1" group="1" side="" type="Any" name="39" />
    <comppin designator="40" sympin="40" pinswap="0" gateswap="0" gate="1" group="1" side="" type="Any" name="40" />
    <comppin designator="41" sympin="41" pinswap="0" gateswap="0" gate="1" group="1" side="" type="Any" name="41" />
    <comppin designator="42" sympin="42" pinswap="0" gateswap="0" gate="1" group="1" side="" type="Any" name="42" />
    <comppin designator="43" sympin="43" pinswap="0" gateswap="0" gate="1" group="1" side="" type="Any" name="43" />
    <comppin designator="44" sympin="44" pinswap="0" gateswap="0" gate="1" group="1" side="" type="Any" name="44" />
    <comppin designator="45" sympin="45" pinswap="0" gateswap="0" gate="1" group="1" side="" type="Any" name="45" />
    <comppin designator="46" sympin="46" pinswap="0" gateswap="0" gate="1" group="1" side="" type="Any" name="46" />
    <comppin designator="47" sympin="47" pinswap="0" gateswap="0" gate="1" group="1" side="" type="Any" name="47" />
    <comppin designator="48" sympin="48" pinswap="0" gateswap="0" gate="1" group="1" side="" type="Any" name="48" />
    <comppin designator="49" sympin="49" pinswap="0" gateswap="0" gate="1" group="1" side="" type="Any" name="49" />
    <comppin designator="50" sympin="50" pinswap="0" gateswap="0" gate="1" group="1" side="" type="Any" name="50" />
    <comppin designator="51" sympin="51" pinswap="0" gateswap="0" gate="1" group="1" side="" type="Any" name="51" />
    <comppin designator="52" sympin="52" pinswap="0" gateswap="0" gate="1" group="1" side="" type="Any" name="52" />
    <comppin designator="53" sympin="53" pinswap="0" gateswap="0" gate="1" group="1" side="" type="Any" name="53" />
    <comppin designator="54" sympin="54" pinswap="0" gateswap="0" gate="1" group="1" side="" type="Any" name="54" />
    <comppin designator="55" sympin="55" pinswap="0" gateswap="0" gate="1" group="1" side="" type="Any" name="55" />
    <comppin designator="56" sympin="56" pinswap="0" gateswap="0" gate="1" group="1" side="" type="Any" name="56" />
    <comppin designator="57" sympin="57" pinswap="0" gateswap="0" gate="1" group="1" side="" type="Any" name="57" />
    <comppin designator="58" sympin="58" pinswap="0" gateswap="0" gate="1" group="1" side="" type="Any" name="58" />
    <comppin designator="67" sympin="67" pinswap="0" gateswap="0" gate="1" group="1" side="" type="Any" name="67" />
    <comppin designator="68" sympin="68" pinswap="0" gateswap="0" gate="1" group="1" side="" type="Any" name="68" />
    <comppin designator="69" sympin="69" pinswap="0" gateswap="0" gate="1" group="1" side="" type="Any" name="69" />
    <comppin designator="70" sympin="70" pinswap="0" gateswap="0" gate="1" group="1" side="" type="Any" name="70" />
    <comppin designator="71" sympin="71" pinswap="0" gateswap="0" gate="1" group="1" side="" type="Any" name="71" />
    <comppin designator="72" sympin="72" pinswap="0" gateswap="0" gate="1" group="1" side="" type="Any" name="72" />
    <comppin designator="73" sympin="73" pinswap="0" gateswap="0" gate="1" group="1" side="" type="Any" name="73" />
    <comppin designator="74" sympin="74" pinswap="0" gateswap="0" gate="1" group="1" side="" type="Any" name="74" />
    <comppin designator="75" sympin="75" pinswap="0" gateswap="0" gate="1" group="1" side="" type="Any" name="75" />
    <comppin designator="76" sympin="76" pinswap="0" gateswap="0" gate="1" group="1" side="" type="Any" name="76" />
    <comppin designator="77" sympin="77" pinswap="0" gateswap="0" gate="1" group="1" side="" type="Any" name="77" />
    <attached_symbol gate="1" name="1-2199230-4" />
    <pinmap designator="1" footprintpin="1" />
    <pinmap designator="2" footprintpin="2" />
    <pinmap designator="3" footprintpin="3" />
    <pinmap designator="4" footprintpin="4" />
    <pinmap designator="5" footprintpin="5" />
    <pinmap designator="6" footprintpin="6" />
    <pinmap designator="7" footprintpin="7" />
    <pinmap designator="8" footprintpin="8" />
    <pinmap designator="9" footprintpin="9" />
    <pinmap designator="10" footprintpin="10" />
    <pinmap designator="11" footprintpin="11" />
    <pinmap designator="12" footprintpin="12" />
    <pinmap designator="13" footprintpin="13" />
    <pinmap designator="14" footprintpin="14" />
    <pinmap designator="15" footprintpin="15" />
    <pinmap designator="16" footprintpin="16" />
    <pinmap designator="17" footprintpin="17" />
    <pinmap designator="18" footprintpin="18" />
    <pinmap designator="19" footprintpin="19" />
    <pinmap designator="20" footprintpin="20" />
    <pinmap designator="21" footprintpin="21" />
    <pinmap designator="22" footprintpin="22" />
    <pinmap designator="23" footprintpin="23" />
    <pinmap designator="24" footprintpin="24" />
    <pinmap designator="25" footprintpin="25" />
    <pinmap designator="26" footprintpin="26" />
    <pinmap designator="27" footprintpin="27" />
    <pinmap designator="28" footprintpin="28" />
    <pinmap designator="29" footprintpin="29" />
    <pinmap designator="30" footprintpin="30" />
    <pinmap designator="31" footprintpin="31" />
    <pinmap designator="32" footprintpin="32" />
    <pinmap designator="33" footprintpin="33" />
    <pinmap designator="34" footprintpin="34" />
    <pinmap designator="35" footprintpin="35" />
    <pinmap designator="36" footprintpin="36" />
    <pinmap designator="37" footprintpin="37" />
    <pinmap designator="38" footprintpin="38" />
    <pinmap designator="39" footprintpin="39" />
    <pinmap designator="40" footprintpin="40" />
    <pinmap designator="41" footprintpin="41" />
    <pinmap designator="42" footprintpin="42" />
    <pinmap designator="43" footprintpin="43" />
    <pinmap designator="44" footprintpin="44" />
    <pinmap designator="45" footprintpin="45" />
    <pinmap designator="46" footprintpin="46" />
    <pinmap designator="47" footprintpin="47" />
    <pinmap designator="48" footprintpin="48" />
    <pinmap designator="49" footprintpin="49" />
    <pinmap designator="50" footprintpin="50" />
    <pinmap designator="51" footprintpin="51" />
    <pinmap designator="52" footprintpin="52" />
    <pinmap designator="53" footprintpin="53" />
    <pinmap designator="54" footprintpin="54" />
    <pinmap designator="55" footprintpin="55" />
    <pinmap designator="56" footprintpin="56" />
    <pinmap designator="57" footprintpin="57" />
    <pinmap designator="58" footprintpin="58" />
    <pinmap designator="67" footprintpin="59" />
    <pinmap designator="68" footprintpin="60" />
    <pinmap designator="69" footprintpin="61" />
    <pinmap designator="70" footprintpin="62" />
    <pinmap designator="71" footprintpin="63" />
    <pinmap designator="72" footprintpin="64" />
    <pinmap designator="73" footprintpin="65" />
    <pinmap designator="74" footprintpin="66" />
    <pinmap designator="75" footprintpin="67" />
    <pinmap designator="76" footprintpin="68" />
    <pinmap designator="77" footprintpin="69" />
    <text name="Datasheet" originx="0" originy="0" style="Default" rotation="0" justify="" flipped="False" hidden="True" data="https://www.te.com/commerce/DocumentDelivery/DDEController?Action=showdoc&amp;DocId=Customer Drawing2199230B3pdfEnglishENG_CD_2199230_B3.pdf1-2199230-4" />
    <text name="Description" originx="0" originy="0" style="Default" rotation="0" justify="" flipped="False" hidden="True" data="M.2 NGFF, M.2 Connectors, Height 4.2 mm [.165 in], Keying Code M, Gold, Board-to-Board, 67 Position, .02 in [.5 mm] Centerline, Printed Circuit Board" />
    <text name="Manufacturer_Name" originx="0" originy="0" style="Default" rotation="0" justify="" flipped="False" hidden="True" data="TE Connectivity" />
    <text name="Manufacturer_Part_Number" originx="3750" originy="400" style="Default" rotation="0" justify="left" flipped="False" hidden="False" data="1-2199230-4" />
    <text name="Mouser Part Number" originx="0" originy="0" style="Default" rotation="0" justify="" flipped="False" hidden="True" data="571-1-2199230-4" />
    <text name="Mouser Price/Stock" originx="0" originy="0" style="Default" rotation="0" justify="" flipped="False" hidden="True" data="https://www.mouser.co.uk/ProductDetail/TE-Connectivity/1-2199230-4?qs=gAfoL%252BRo%2FrJHWNmRjPOT7g%3D%3D" />
    <text name="Arrow Part Number" originx="0" originy="0" style="Default" rotation="0" justify="" flipped="False" hidden="True" data="1-2199230-4" />
    <text name="Arrow Price/Stock" originx="0" originy="0" style="Default" rotation="0" justify="" flipped="False" hidden="True" data="https://www.arrow.com/en/products/1-2199230-4/te-connectivity?region=nac" />
  </component>
</quadcept_library>
